Player Name,Player ID
Andrew Abbott,4414528
Graham Ashcraft,4084179
Scott Barlow,32156
Nick Lodolo,42433
Nick Martinez,33372
Luis Mey,4722939
Emilio Pagan,33403
Chase Petty,4872687
Lyon Richardson,41333
Taylor Rogers,33671
Tony Santillan,40950
Brady Singer,41172
Brent Suter,36023
Tyler Stephenson,34975
Jose Trevino,35268
Austin Wynns,35314
Elly De La Cruz,4917694
Santiago Espinal,39924
Matt McLain,4422899
Spencer Steer,4722857
Will Benson,39216
TJ Friedl,36020
Austin Hays,36928
Rece Hinds,42545
Connor Joe,35440
Gavin Lux,40423
